{"keyset":{"lweSecretKeys":[{"id":0,"params":{"lweDimension":1280,"integerPrecision":64,"keyType":"binary"}},{"id":1,"params":{"lweDimension":577,"integerPrecision":64,"keyType":"binary"}},{"id":2,"params":{"lweDimension":1536,"integerPrecision":64,"keyType":"binary"}},{"id":3,"params":{"lweDimension":651,"integerPrecision":64,"keyType":"binary"}},{"id":4,"params":{"lweDimension":2048,"integerPrecision":64,"keyType":"binary"}},{"id":5,"params":{"lweDimension":721,"integerPrecision":64,"keyType":"binary"}}],"lweBootstrapKeys":[{"id":0,"inputId":1,"outputId":0,"params":{"levelCount":2,"baseLog":10,"glweDimension":5,"polynomialSize":256,"variance":1.979445810846816e-19,"integerPrecision":64,"modulus":{"modulus":{"native":{}}},"keyType":"binary","inputLweDimension":577},"compression":"none"},{"id":1,"inputId":3,"outputId":2,"params":{"levelCount":1,"baseLog":18,"glweDimension":6,"polynomialSize":256,"variance":1.573398630171941e-23,"integerPrecision":64,"modulus":{"modulus":{"native":{}}},"keyType":"binary","inputLweDimension":651},"compression":"none"},{"id":2,"inputId":5,"outputId":4,"params":{"levelCount":2,"baseLog":15,"glweDimension":2,"polynomialSize":1024,"variance":9.9409770026943975e-32,"integerPrecision":64,"modulus":{"modulus":{"native":{}}},"keyType":"binary","inputLweDimension":721},"compression":"none"}],"lweKeyswitchKeys":[{"id":0,"inputId":0,"outputId":1,"params":{"levelCount":5,"baseLog":2,"variance":3.5868852287592581e-08,"integerPrecision":64,"modulus":{"modulus":{"native":{}}},"keyType":"binary","inputLweDimension":1280,"outputLweDimension":577},"compression":"none"},{"id":1,"inputId":0,"outputId":3,"params":{"levelCount":3,"baseLog":4,"variance":2.34232173078352e-09,"integerPrecision":64,"modulus":{"modulus":{"native":{}}},"keyType":"binary","inputLweDimension":1280,"outputLweDimension":651},"compression":"none"},{"id":2,"inputId":2,"outputId":5,"params":{"levelCount":4,"baseLog":3,"variance":1.772692890097583e-10,"integerPrecision":64,"modulus":{"modulus":{"native":{}}},"keyType":"binary","inputLweDimension":1536,"outputLweDimension":721},"compression":"none"}],"packingKeyswitchKeys":[]},"circuits":[{"inputs":[{"rawInfo":{"shape":{"dimensions":[1,12,1281]},"integerPrecision":64,"isSigned":false},"typeInfo":{"lweCiphertext":{"abstractShape":{"dimensions":[1,12]},"concreteShape":{"dimensions":[1,12,1281]},"integerPrecision":64,"encryption":{"keyId":0,"variance":1.979445810846816e-19,"lweDimension":1280,"modulus":{"modulus":{"native":{}}}},"compression":"none","encoding":{"integer":{"width":8,"isSigned":false,"mode":{"native":{}}}}}}},{"rawInfo":{"shape":{"dimensions":[1,2,1281]},"integerPrecision":64,"isSigned":false},"typeInfo":{"lweCiphertext":{"abstractShape":{"dimensions":[1,2]},"concreteShape":{"dimensions":[1,2,1281]},"integerPrecision":64,"encryption":{"keyId":0,"variance":1.979445810846816e-19,"lweDimension":1280,"modulus":{"modulus":{"native":{}}}},"compression":"none","encoding":{"integer":{"width":8,"isSigned":false,"mode":{"native":{}}}}}}},{"rawInfo":{"shape":{"dimensions":[1,13,1281]},"integerPrecision":64,"isSigned":false},"typeInfo":{"lweCiphertext":{"abstractShape":{"dimensions":[1,13]},"concreteShape":{"dimensions":[1,13,1281]},"integerPrecision":64,"encryption":{"keyId":0,"variance":1.979445810846816e-19,"lweDimension":1280,"modulus":{"modulus":{"native":{}}}},"compression":"none","encoding":{"integer":{"width":8,"isSigned":false,"mode":{"native":{}}}}}}}],"outputs":[{"rawInfo":{"shape":{"dimensions":[1,2,1,2049]},"integerPrecision":64,"isSigned":false},"typeInfo":{"lweCiphertext":{"abstractShape":{"dimensions":[1,2,1]},"concreteShape":{"dimensions":[1,2,1,2049]},"integerPrecision":64,"encryption":{"keyId":4,"variance":9.9409770026943975e-32,"lweDimension":2048,"modulus":{"modulus":{"native":{}}}},"compression":"none","encoding":{"integer":{"width":6,"isSigned":false,"mode":{"native":{}}}}}}}],"name":"main"}]}